{"Voicing Recall": 0.9782061369000786, "Voicing False Alarm": 0.2158226343319068, "Raw Pitch Accuracy": 0.9191974822974036, "Raw Chroma Accuracy": 0.9191974822974036, "Overall Accuracy": 0.8422834698990993}