{"Voicing Recall": 0.9409349865951743, "Voicing False Alarm": 0.2024771396777783, "Raw Pitch Accuracy": 0.7995140750670241, "Raw Chroma Accuracy": 0.7995140750670241, "Overall Accuracy": 0.7982518018708787}