{"Voicing Recall": 0.9598693029490617, "Voicing False Alarm": 0.18709177996032705, "Raw Pitch Accuracy": 0.8798592493297587, "Raw Chroma Accuracy": 0.8802781501340483, "Overall Accuracy": 0.837417573991719}