{"Voicing Recall": 0.9835790884718498, "Voicing False Alarm": 0.13082393923266727, "Raw Pitch Accuracy": 0.9519939678284183, "Raw Chroma Accuracy": 0.9519939678284183, "Overall Accuracy": 0.8994939426468334}