{"Voicing Recall": 0.9715985254691689, "Voicing False Alarm": 0.14819294595771446, "Raw Pitch Accuracy": 0.8976206434316354, "Raw Chroma Accuracy": 0.8976206434316354, "Overall Accuracy": 0.8685784388897408}