{"Voicing Recall": 0.9821548257372654, "Voicing False Alarm": 0.2307320141274372, "Raw Pitch Accuracy": 0.8806132707774799, "Raw Chroma Accuracy": 0.8806132707774799, "Overall Accuracy": 0.8100291366354854}