{"Voicing Recall": 0.932941950503568, "Voicing False Alarm": 0.09990646891523029, "Raw Pitch Accuracy": 0.44597398653778025, "Raw Chroma Accuracy": 0.44597398653778025, "Overall Accuracy": 0.7757248988190941}