{"Voicing Recall": 0.9691773934030571, "Voicing False Alarm": 0.18197449491331136, "Raw Pitch Accuracy": 0.7968624296057925, "Raw Chroma Accuracy": 0.7968624296057925, "Overall Accuracy": 0.8085276828126234}