{"Voicing Recall": 0.9669396648884214, "Voicing False Alarm": 0.5346635854590703, "Raw Pitch Accuracy": 0.7186866030505673, "Raw Chroma Accuracy": 0.7186866030505673, "Overall Accuracy": 0.5594928932450923}