{"Voicing Recall": 0.9260869565217391, "Voicing False Alarm": 0.24131832797427652, "Raw Pitch Accuracy": 0.4767870302137067, "Raw Chroma Accuracy": 0.4778187177597642, "Overall Accuracy": 0.6730467875531677}