{"Voicing Recall": 0.9569372734263429, "Voicing False Alarm": 0.15107958050586057, "Raw Pitch Accuracy": 0.7810611886191365, "Raw Chroma Accuracy": 0.7810611886191365, "Overall Accuracy": 0.8245170465768578}