{"Voicing Recall": 0.9717341482047365, "Voicing False Alarm": 0.432140267615846, "Raw Pitch Accuracy": 0.8292242516841447, "Raw Chroma Accuracy": 0.8292242516841447, "Overall Accuracy": 0.6951301995265472}