{"Voicing Recall": 0.982299063496964, "Voicing False Alarm": 0.643796992481203, "Raw Pitch Accuracy": 0.7411752598538643, "Raw Chroma Accuracy": 0.8338993516517443, "Overall Accuracy": 0.5741334110107777}