{"Voicing Recall": 0.9905169422921244, "Voicing False Alarm": 0.09042404532635484, "Raw Pitch Accuracy": 0.9331560078639991, "Raw Chroma Accuracy": 0.9331560078639991, "Overall Accuracy": 0.9138232720909887}