{"Voicing Recall": 0.9827685902625188, "Voicing False Alarm": 0.13359079244899516, "Raw Pitch Accuracy": 0.7505493234647854, "Raw Chroma Accuracy": 0.7505493234647854, "Overall Accuracy": 0.8455401408157314}