{"Voicing Recall": 0.9853393578158046, "Voicing False Alarm": 0.38270481144343305, "Raw Pitch Accuracy": 0.9165545087483177, "Raw Chroma Accuracy": 0.9582291866948663, "Overall Accuracy": 0.759196790810047}