{"Voicing Recall": 0.983864118895966, "Voicing False Alarm": 0.08157712903783036, "Raw Pitch Accuracy": 0.9463552724699221, "Raw Chroma Accuracy": 0.9463552724699221, "Overall Accuracy": 0.9249528473577976}