{"Voicing Recall": 0.9824500232450023, "Voicing False Alarm": 0.22050351195643594, "Raw Pitch Accuracy": 0.9155044165504417, "Raw Chroma Accuracy": 0.9155044165504417, "Overall Accuracy": 0.8578265671541886}