{"Voicing Recall": 0.9931987098583649, "Voicing False Alarm": 0.29982754372998277, "Raw Pitch Accuracy": 0.9371757116813911, "Raw Chroma Accuracy": 0.9371757116813911, "Overall Accuracy": 0.8280192140398653}