{"Voicing Recall": 0.9916715088127058, "Voicing False Alarm": 0.2992704733695354, "Raw Pitch Accuracy": 0.9628768803667118, "Raw Chroma Accuracy": 0.9628768803667118, "Overall Accuracy": 0.8211447212336892}