{"Voicing Recall": 0.997963954452907, "Voicing False Alarm": 0.055516894765329006, "Raw Pitch Accuracy": 0.9724002714727397, "Raw Chroma Accuracy": 0.9724002714727397, "Overall Accuracy": 0.9515943142527853}