{"Voicing Recall": 0.9801674081894276, "Voicing False Alarm": 0.03675352457537565, "Raw Pitch Accuracy": 0.9565643616620164, "Raw Chroma Accuracy": 0.9607872709448759, "Overall Accuracy": 0.9615443718786016}