{"Voicing Recall": 0.8472216121238744, "Voicing False Alarm": 0.742074836414459, "Raw Pitch Accuracy": 0.5638480122995827, "Raw Chroma Accuracy": 0.5700417307269932, "Overall Accuracy": 0.43878876019321666}