{"Voicing Recall": 0.8979496496236699, "Voicing False Alarm": 0.43894012868054894, "Raw Pitch Accuracy": 0.42455229691149754, "Raw Chroma Accuracy": 0.4253828185829224, "Overall Accuracy": 0.5093080919395466}