{"Voicing Recall": 0.009447184012457826, "Voicing False Alarm": 0.03695603942822732, "Raw Pitch Accuracy": 0.0, "Raw Chroma Accuracy": 0.0002595380223202699, "Overall Accuracy": 0.5979415931989924}