{"Voicing Recall": 0.9948611471580586, "Voicing False Alarm": 0.2910208868181674, "Raw Pitch Accuracy": 0.9218790552815987, "Raw Chroma Accuracy": 0.9218790552815987, "Overall Accuracy": 0.7896922229219143}