{"Voicing Recall": 0.9855878865274104, "Voicing False Alarm": 0.6086358059786349, "Raw Pitch Accuracy": 0.8453890358478519, "Raw Chroma Accuracy": 0.9014868193012862, "Overall Accuracy": 0.5035149384885764}