{"Voicing Recall": 0.7904024489060952, "Voicing False Alarm": 0.4623642226748133, "Raw Pitch Accuracy": 0.4146034032592059, "Raw Chroma Accuracy": 0.4175745025659494, "Overall Accuracy": 0.49822638788752704}