{"Voicing Recall": 0.9198499473900911, "Voicing False Alarm": 0.7784622818143383, "Raw Pitch Accuracy": 0.6903792488219955, "Raw Chroma Accuracy": 0.723546365341507, "Overall Accuracy": 0.4883121615993336}