{"Voicing Recall": 0.9719449901768172, "Voicing False Alarm": 0.16578862487904528, "Raw Pitch Accuracy": 0.45901768172888013, "Raw Chroma Accuracy": 0.45901768172888013, "Overall Accuracy": 0.6818080250263351}