{"Voicing Recall": 0.9892699195243965, "Voicing False Alarm": 0.26704525033245874, "Raw Pitch Accuracy": 0.9319219894149207, "Raw Chroma Accuracy": 0.9319219894149207, "Overall Accuracy": 0.7988994617454825}