{"Voicing Recall": 0.991734938012035, "Voicing False Alarm": 0.2613664953455774, "Raw Pitch Accuracy": 0.9304719785398391, "Raw Chroma Accuracy": 0.9304719785398391, "Overall Accuracy": 0.8022154940407535}