{"Voicing Recall": 0.9619373345101501, "Voicing False Alarm": 0.19878811571540267, "Raw Pitch Accuracy": 0.7933583406884378, "Raw Chroma Accuracy": 0.796557811120918, "Overall Accuracy": 0.7982959200393249}