{"Voicing Recall": 0.6464221701364953, "Voicing False Alarm": 0.3570010359116022, "Raw Pitch Accuracy": 0.5430856197435544, "Raw Chroma Accuracy": 0.5430856197435544, "Overall Accuracy": 0.6045283219196262}