{"Voicing Recall": 0.3300013787398318, "Voicing False Alarm": 0.26834426795580113, "Raw Pitch Accuracy": 0.2748517854680822, "Raw Chroma Accuracy": 0.2778850130980284, "Overall Accuracy": 0.5557679035939905}