{"Voicing Recall": 0.9124658317970885, "Voicing False Alarm": 0.42898251309673135, "Raw Pitch Accuracy": 0.39685970376962687, "Raw Chroma Accuracy": 0.39685970376962687, "Overall Accuracy": 0.4774620953421664}