{"Voicing Recall": 0.9851037674452238, "Voicing False Alarm": 0.22136121744001494, "Raw Pitch Accuracy": 0.7034131173620652, "Raw Chroma Accuracy": 0.7034131173620652, "Overall Accuracy": 0.7362469437652812}