{"Voicing Recall": 0.9889211845486331, "Voicing False Alarm": 0.46612165719828186, "Raw Pitch Accuracy": 0.6337250937276212, "Raw Chroma Accuracy": 0.6337250937276212, "Overall Accuracy": 0.6104470861868458}