{"Voicing Recall": 0.9875823312586863, "Voicing False Alarm": 0.6538545893190043, "Raw Pitch Accuracy": 0.7167804701190404, "Raw Chroma Accuracy": 0.7260861683485407, "Overall Accuracy": 0.5851059685211157}