{"Voicing Recall": 0.9594272076372315, "Voicing False Alarm": 0.333866098383946, "Raw Pitch Accuracy": 0.8363961813842482, "Raw Chroma Accuracy": 0.8363961813842482, "Overall Accuracy": 0.7387740555951532}