{"Voicing Recall": 0.42789107339113447, "Voicing False Alarm": 0.05387525356823041, "Raw Pitch Accuracy": 0.3990719257540603, "Raw Chroma Accuracy": 0.3998656734644035, "Overall Accuracy": 0.8201049270714658}