{"Voicing Recall": 0.0, "Voicing False Alarm": 0.0505126190171604, "Raw Pitch Accuracy": 0.0, "Raw Chroma Accuracy": 0.0, "Overall Accuracy": 0.7307621981236901}