{"Voicing Recall": 0.9798922455262652, "Voicing False Alarm": 0.2489790069499176, "Raw Pitch Accuracy": 0.9407831441216086, "Raw Chroma Accuracy": 0.9486723109486243, "Overall Accuracy": 0.8320192189232475}