{"Voicing Recall": 0.5579435828550494, "Voicing False Alarm": 0.04981816188161333, "Raw Pitch Accuracy": 0.5117841006227867, "Raw Chroma Accuracy": 0.5442666992306753, "Overall Accuracy": 0.8491919490273852}