{"Voicing Recall": 0.8834489433779642, "Voicing False Alarm": 0.7005996184246389, "Raw Pitch Accuracy": 0.6412324568478787, "Raw Chroma Accuracy": 0.6604694305533151, "Overall Accuracy": 0.5141366031617349}