{"Voicing Recall": 0.941140642303433, "Voicing False Alarm": 0.7430892946892277, "Raw Pitch Accuracy": 0.6439645625692137, "Raw Chroma Accuracy": 0.6779623477297896, "Overall Accuracy": 0.4899326621774785}