{"Voicing Recall": 0.9377059308072487, "Voicing False Alarm": 0.35310590631364563, "Raw Pitch Accuracy": 0.492174629324547, "Raw Chroma Accuracy": 0.49227759472817134, "Overall Accuracy": 0.5769910681056941}