{"Voicing Recall": 0.9746161078031965, "Voicing False Alarm": 0.2546875, "Raw Pitch Accuracy": 0.7800062676277029, "Raw Chroma Accuracy": 0.7800062676277029, "Overall Accuracy": 0.7700738089912771}