{"Voicing Recall": 0.9697674418604652, "Voicing False Alarm": 0.2941747572815534, "Raw Pitch Accuracy": 0.8609302325581395, "Raw Chroma Accuracy": 0.8609302325581395, "Overall Accuracy": 0.8106918238993711}