{"Voicing Recall": 0.9668161434977578, "Voicing False Alarm": 0.053518334985133795, "Raw Pitch Accuracy": 0.8502242152466367, "Raw Chroma Accuracy": 0.8502242152466367, "Overall Accuracy": 0.9122247047558251}