{"Voicing Recall": 0.9562729873314262, "Voicing False Alarm": 0.3668261562998405, "Raw Pitch Accuracy": 0.6571311810380057, "Raw Chroma Accuracy": 0.7319166326113609, "Overall Accuracy": 0.6450050454086781}