{"Voicing Recall": 0.9758961681087762, "Voicing False Alarm": 0.2888323026555111, "Raw Pitch Accuracy": 0.8102595797280593, "Raw Chroma Accuracy": 0.8102595797280593, "Overall Accuracy": 0.7647451963241437}