{"Voicing Recall": 0.928978745463971, "Voicing False Alarm": 0.3673469387755102, "Raw Pitch Accuracy": 0.7153965785381027, "Raw Chroma Accuracy": 0.7153965785381027, "Overall Accuracy": 0.6857332889923512}