{"Voicing Recall": 0.9342723004694836, "Voicing False Alarm": 0.40116618075801747, "Raw Pitch Accuracy": 0.6625586854460094, "Raw Chroma Accuracy": 0.7423708920187794, "Overall Accuracy": 0.6305937408599006}