{"Voicing Recall": 0.9470422535211268, "Voicing False Alarm": 0.3970893970893971, "Raw Pitch Accuracy": 0.5785915492957746, "Raw Chroma Accuracy": 0.5785915492957746, "Overall Accuracy": 0.5837765957446809}