{"Voicing Recall": 0.92575, "Voicing False Alarm": 0.3864839613827468, "Raw Pitch Accuracy": 0.5755, "Raw Chroma Accuracy": 0.63875, "Overall Accuracy": 0.59242823464152}