{"Voicing Recall": 0.986298241607673, "Voicing False Alarm": 0.391233387736069, "Raw Pitch Accuracy": 0.8336378168531628, "Raw Chroma Accuracy": 0.8336378168531628, "Overall Accuracy": 0.7597148769832145}