{"Voicing Recall": 0.9852686308492201, "Voicing False Alarm": 0.42210242587601077, "Raw Pitch Accuracy": 0.7175043327556326, "Raw Chroma Accuracy": 0.7175043327556326, "Overall Accuracy": 0.6314390162844798}