{"Voicing Recall": 0.9739747634069401, "Voicing False Alarm": 0.31846882399368587, "Raw Pitch Accuracy": 0.8325446898002103, "Raw Chroma Accuracy": 0.8325446898002103, "Overall Accuracy": 0.7721678763016725}