{"Voicing Recall": 0.8748357424441524, "Voicing False Alarm": 0.348003038853918, "Raw Pitch Accuracy": 0.6938239159001314, "Raw Chroma Accuracy": 0.6938239159001314, "Overall Accuracy": 0.672816962825684}