{"Voicing Recall": 0.8749452474813841, "Voicing False Alarm": 0.19578901671369656, "Raw Pitch Accuracy": 0.7526281208935611, "Raw Chroma Accuracy": 0.7526281208935611, "Overall Accuracy": 0.7785348304807588}