{"Voicing Recall": 0.9313818280151434, "Voicing False Alarm": 0.09148898766920315, "Raw Pitch Accuracy": 0.8937263385613845, "Raw Chroma Accuracy": 0.8937263385613845, "Overall Accuracy": 0.9045064181208914}