{"Voicing Recall": 0.9278163374265883, "Voicing False Alarm": 0.5786794731696094, "Raw Pitch Accuracy": 0.6846769887880406, "Raw Chroma Accuracy": 0.6940736785904965, "Overall Accuracy": 0.477197036634269}