{"Voicing Recall": 0.9005872931126535, "Voicing False Alarm": 0.3021222752631276, "Raw Pitch Accuracy": 0.40640683395621996, "Raw Chroma Accuracy": 0.4158035237586759, "Overall Accuracy": 0.6360361584992863}