{"Voicing Recall": 0.9815748568828904, "Voicing False Alarm": 0.6948309613247976, "Raw Pitch Accuracy": 0.6884785987792394, "Raw Chroma Accuracy": 0.6897296887439816, "Overall Accuracy": 0.5284685719333893}