{"Voicing Recall": 0.573148390473698, "Voicing False Alarm": 0.5572519083969466, "Raw Pitch Accuracy": 0.296519235802146, "Raw Chroma Accuracy": 0.3195498560586234, "Overall Accuracy": 0.368139938576579}