{"Voicing Recall": 0.9956425994471255, "Voicing False Alarm": 0.17850518822998646, "Raw Pitch Accuracy": 0.9434006465820175, "Raw Chroma Accuracy": 0.9571756547814272, "Overall Accuracy": 0.8639800133897225}