{"Voicing Recall": 0.9932999109778382, "Voicing False Alarm": 0.1321369492205123, "Raw Pitch Accuracy": 0.9532867919224102, "Raw Chroma Accuracy": 0.9532867919224102, "Overall Accuracy": 0.8976339380480397}