{"Voicing Recall": 0.9488480107559738, "Voicing False Alarm": 0.26214405360134, "Raw Pitch Accuracy": 0.6435861394609791, "Raw Chroma Accuracy": 0.6435861394609791, "Overall Accuracy": 0.7053177800746725}