{"Voicing Recall": 0.9719489091242437, "Voicing False Alarm": 0.28243783017652363, "Raw Pitch Accuracy": 0.6551365886451139, "Raw Chroma Accuracy": 0.6551365886451139, "Overall Accuracy": 0.6960153563819689}