{"Voicing Recall": 0.9784727519281295, "Voicing False Alarm": 0.33875204629382877, "Raw Pitch Accuracy": 0.7826934485973388, "Raw Chroma Accuracy": 0.7826934485973388, "Overall Accuracy": 0.7187205454727765}