{"Voicing Recall": 0.975108695652174, "Voicing False Alarm": 0.450425188210552, "Raw Pitch Accuracy": 0.8227173913043478, "Raw Chroma Accuracy": 0.8238043478260869, "Overall Accuracy": 0.6093932252612535}