{
  "Voicing Recall": 0.9939417781274587,
  "Voicing False Alarm": 0.14645744174988112,
  "Raw Pitch Accuracy": 0.990558615263572,
  "Raw Chroma Accuracy": 0.990558615263572,
  "Overall Accuracy": 0.9125076183381865
}
