{"Voicing Recall": 0.9821548257372654, "Voicing False Alarm": 0.17891528375828536, "Raw Pitch Accuracy": 0.9106065683646113, "Raw Chroma Accuracy": 0.9111930294906166, "Overall Accuracy": 0.8538567704339826}