{"Voicing Recall": 0.9926273458445041, "Voicing False Alarm": 0.0883448642895157, "Raw Pitch Accuracy": 0.9868465147453083, "Raw Chroma Accuracy": 0.9868465147453083, "Overall Accuracy": 0.9391811071921484}