{"Voicing Recall": 0.982573726541555, "Voicing False Alarm": 0.08282935797571242, "Raw Pitch Accuracy": 0.9232573726541555, "Raw Chroma Accuracy": 0.9232573726541555, "Overall Accuracy": 0.9193988652047232}