{"Voicing Recall": 0.9618800268096515, "Voicing False Alarm": 0.23082877739610044, "Raw Pitch Accuracy": 0.888823726541555, "Raw Chroma Accuracy": 0.888823726541555, "Overall Accuracy": 0.812973470326637}