{"Voicing Recall": 0.9414376675603218, "Voicing False Alarm": 0.18380182882577772, "Raw Pitch Accuracy": 0.822553619302949, "Raw Chroma Accuracy": 0.822553619302949, "Overall Accuracy": 0.8185247661401626}