{"Voicing Recall": 0.9866251005631537, "Voicing False Alarm": 0.15663316480052403, "Raw Pitch Accuracy": 0.9748592115848753, "Raw Chroma Accuracy": 0.9748592115848753, "Overall Accuracy": 0.9023795823037606}