{"Voicing Recall": 0.9406852573510806, "Voicing False Alarm": 0.08639218156483232, "Raw Pitch Accuracy": 0.5276076724530594, "Raw Chroma Accuracy": 0.5276076724530594, "Overall Accuracy": 0.8078948827410323}