{"Voicing Recall": 0.9800135246825457, "Voicing False Alarm": 0.19589369833792553, "Raw Pitch Accuracy": 0.9419190021789766, "Raw Chroma Accuracy": 0.9419190021789766, "Overall Accuracy": 0.8553237831951076}