{"Voicing Recall": 0.9120854826823876, "Voicing False Alarm": 0.2595176848874598, "Raw Pitch Accuracy": 0.5577008106116433, "Raw Chroma Accuracy": 0.5577008106116433, "Overall Accuracy": 0.6849563465413029}