{"Voicing Recall": 0.979567175656377, "Voicing False Alarm": 0.1363972856261567, "Raw Pitch Accuracy": 0.8838844337031748, "Raw Chroma Accuracy": 0.8838844337031748, "Overall Accuracy": 0.8708963773555091}