{"Voicing Recall": 0.9772900895895549, "Voicing False Alarm": 0.271834420934678, "Raw Pitch Accuracy": 0.9647197722064033, "Raw Chroma Accuracy": 0.9647197722064033, "Overall Accuracy": 0.8433547514372675}