{"Voicing Recall": 0.9910466193269528, "Voicing False Alarm": 0.42454350161117077, "Raw Pitch Accuracy": 0.9703612225995678, "Raw Chroma Accuracy": 0.9851806112997838, "Overall Accuracy": 0.799009612583746}