{"Voicing Recall": 0.9981496472765121, "Voicing False Alarm": 0.06326380243400492, "Raw Pitch Accuracy": 0.978489649589453, "Raw Chroma Accuracy": 0.978489649589453, "Overall Accuracy": 0.9442569678790151}