{"Voicing Recall": 0.9757141205042211, "Voicing False Alarm": 0.11461165171879367, "Raw Pitch Accuracy": 0.7658147334335608, "Raw Chroma Accuracy": 0.7658147334335608, "Overall Accuracy": 0.8638503520393284}