{"Voicing Recall": 0.9968860580325548, "Voicing False Alarm": 0.13041976161685956, "Raw Pitch Accuracy": 0.994621372965322, "Raw Chroma Accuracy": 0.994621372965322, "Overall Accuracy": 0.8988120843122333}