{"Voicing Recall": 0.9971592743237137, "Voicing False Alarm": 0.2514398551917064, "Raw Pitch Accuracy": 0.9909613273936342, "Raw Chroma Accuracy": 0.9916069468655174, "Overall Accuracy": 0.8599051008303678}