{"Voicing Recall": 0.9857238992501443, "Voicing False Alarm": 0.47767663632423063, "Raw Pitch Accuracy": 0.969236685252836, "Raw Chroma Accuracy": 0.9723130167275524, "Overall Accuracy": 0.7342389570132652}