{"Voicing Recall": 0.9949442119944212, "Voicing False Alarm": 0.17275668850130219, "Raw Pitch Accuracy": 0.9881450488145049, "Raw Chroma Accuracy": 0.9881450488145049, "Overall Accuracy": 0.9199103048964156}