{"Voicing Recall": 0.9953723180479596, "Voicing False Alarm": 0.20850784265418412, "Raw Pitch Accuracy": 0.992918244285514, "Raw Chroma Accuracy": 0.992918244285514, "Overall Accuracy": 0.900147509361171}