{"Voicing Recall": 0.9918558178116281, "Voicing False Alarm": 0.04927962060877858, "Raw Pitch Accuracy": 0.9402759972852726, "Raw Chroma Accuracy": 0.9404268154739461, "Overall Accuracy": 0.9480599308490204}