{"Voicing Recall": 0.9886886358494834, "Voicing False Alarm": 0.038635016366401195, "Raw Pitch Accuracy": 0.9362793152854234, "Raw Chroma Accuracy": 0.9392956790588946, "Overall Accuracy": 0.9549750288129082}