{"Voicing Recall": 0.9297605974083022, "Voicing False Alarm": 0.650721046947462, "Raw Pitch Accuracy": 0.886053151768065, "Raw Chroma Accuracy": 0.8925104326817483, "Overall Accuracy": 0.6666233833688257}