{"Voicing Recall": 0.009758629639242148, "Voicing False Alarm": 0.037906880922950144, "Raw Pitch Accuracy": 0.0, "Raw Chroma Accuracy": 0.0002595380223202699, "Overall Accuracy": 0.5973512279596978}