{"Voicing Recall": 0.8590708538800934, "Voicing False Alarm": 0.36648600678266935, "Raw Pitch Accuracy": 0.43872307293018425, "Raw Chroma Accuracy": 0.4391902413703608, "Overall Accuracy": 0.5596662468513854}