{"Voicing Recall": 0.9953802232026991, "Voicing False Alarm": 0.22582485499667204, "Raw Pitch Accuracy": 0.9897742019205814, "Raw Chroma Accuracy": 0.9901894627562938, "Overall Accuracy": 0.855911523929471}