{"Voicing Recall": 0.9938885341603576, "Voicing False Alarm": 0.0696310482061103, "Raw Pitch Accuracy": 0.9733649548481255, "Raw Chroma Accuracy": 0.9825777615616164, "Overall Accuracy": 0.9409895903744762}