{"Voicing Recall": 0.7700549203205186, "Voicing False Alarm": 0.2842837746096402, "Raw Pitch Accuracy": 0.42243630143152966, "Raw Chroma Accuracy": 0.424417034302692, "Overall Accuracy": 0.621773612112473}