{"Voicing Recall": 0.8968845784345121, "Voicing False Alarm": 0.7206619556682974, "Raw Pitch Accuracy": 0.7992588864998399, "Raw Chroma Accuracy": 0.8312823093462647, "Overall Accuracy": 0.5751770095793419}