{"Voicing Recall": 0.9794106090373281, "Voicing False Alarm": 0.14111385872486829, "Raw Pitch Accuracy": 0.5265225933202358, "Raw Chroma Accuracy": 0.5265225933202358, "Overall Accuracy": 0.7238803587959268}