{"Voicing Recall": 0.9960124700935257, "Voicing False Alarm": 0.224814002803436, "Raw Pitch Accuracy": 0.9937649532371493, "Raw Chroma Accuracy": 0.9937649532371493, "Overall Accuracy": 0.8476307189542484}