{"Voicing Recall": 0.9970999782498369, "Voicing False Alarm": 0.21367214175322574, "Raw Pitch Accuracy": 0.9945624592184441, "Raw Chroma Accuracy": 0.9945624592184441, "Overall Accuracy": 0.8553440984236832}