{"Voicing Recall": 0.977603706972639, "Voicing False Alarm": 0.1403114412301277, "Raw Pitch Accuracy": 0.926522506619594, "Raw Chroma Accuracy": 0.9269086496028244, "Overall Accuracy": 0.884503522857611}