{"Voicing Recall": 0.6564869709085895, "Voicing False Alarm": 0.31172306629834257, "Raw Pitch Accuracy": 0.6523507514132083, "Raw Chroma Accuracy": 0.652419688404798, "Overall Accuracy": 0.6744439135743484}