{"Voicing Recall": 0.33489590514269957, "Voicing False Alarm": 0.2109806629834254, "Raw Pitch Accuracy": 0.3310354336136771, "Raw Chroma Accuracy": 0.3310354336136771, "Overall Accuracy": 0.6126771778945692}