{"Voicing Recall": 0.9353170872803529, "Voicing False Alarm": 0.16884511250116702, "Raw Pitch Accuracy": 0.5399161183021187, "Raw Chroma Accuracy": 0.5399161183021187, "Overall Accuracy": 0.6670334148329259}