{"Voicing Recall": 0.9592653439487763, "Voicing False Alarm": 0.4421504780379659, "Raw Pitch Accuracy": 0.5791735119423733, "Raw Chroma Accuracy": 0.5966974177513796, "Overall Accuracy": 0.5742020932937072}