{"Voicing Recall": 0.8352298010298137, "Voicing False Alarm": 0.42617870582158934, "Raw Pitch Accuracy": 0.393490560040684, "Raw Chroma Accuracy": 0.393490560040684, "Overall Accuracy": 0.47694987023630653}