{"Voicing Recall": 0.9810262529832936, "Voicing False Alarm": 0.25599360681939265, "Raw Pitch Accuracy": 0.9674224343675417, "Raw Chroma Accuracy": 0.9674224343675417, "Overall Accuracy": 0.8393238977700845}