{"Voicing Recall": 0.9810562571756601, "Voicing False Alarm": 0.48431845597104944, "Raw Pitch Accuracy": 0.733488428303825, "Raw Chroma Accuracy": 0.7403468487521905, "Overall Accuracy": 0.6561087735702041}