{"Voicing Recall": 0.0, "Voicing False Alarm": 0.04566969425610848, "Raw Pitch Accuracy": 0.0, "Raw Chroma Accuracy": 0.0, "Overall Accuracy": 0.7344895002602079}