{"Voicing Recall": 0.42642569300280864, "Voicing False Alarm": 0.03320601619181637, "Raw Pitch Accuracy": 0.4217853217731103, "Raw Chroma Accuracy": 0.4220906093540115, "Overall Accuracy": 0.8412450595665077}