{"Voicing Recall": 0.5586762730492124, "Voicing False Alarm": 0.03419287633180431, "Raw Pitch Accuracy": 0.555806569788741, "Raw Chroma Accuracy": 0.555806569788741, "Overall Accuracy": 0.8713588477713546}