{"Voicing Recall": 0.9825861073696364, "Voicing False Alarm": 0.17403453464211507, "Raw Pitch Accuracy": 0.9511737540888975, "Raw Chroma Accuracy": 0.9538676159322687, "Overall Accuracy": 0.8794094698369677}