{"Voicing Recall": 0.9231730924342636, "Voicing False Alarm": 0.601049332243118, "Raw Pitch Accuracy": 0.8729633811905146, "Raw Chroma Accuracy": 0.8814324891111469, "Overall Accuracy": 0.6967217267936765}