{"Voicing Recall": 0.8841085271317829, "Voicing False Alarm": 0.6758250963310437, "Raw Pitch Accuracy": 0.8075304540420819, "Raw Chroma Accuracy": 0.838704318936877, "Overall Accuracy": 0.6151743449563304}