{"Voicing Recall": 0.9815983175604627, "Voicing False Alarm": 0.15311760063141278, "Raw Pitch Accuracy": 0.9387486855941115, "Raw Chroma Accuracy": 0.9387486855941115, "Overall Accuracy": 0.9020195645313979}