{"Voicing Recall": 0.9540774299835255, "Voicing False Alarm": 0.1575865580448065, "Raw Pitch Accuracy": 0.9228789126853377, "Raw Chroma Accuracy": 0.9229818780889621, "Overall Accuracy": 0.8787681429103089}