{"Voicing Recall": 0.9694142042509072, "Voicing False Alarm": 0.22170686456400743, "Raw Pitch Accuracy": 0.9486780715396579, "Raw Chroma Accuracy": 0.9486780715396579, "Overall Accuracy": 0.8875956102427669}