{"Voicing Recall": 0.9517392666875587, "Voicing False Alarm": 0.15859375, "Raw Pitch Accuracy": 0.9298025697273582, "Raw Chroma Accuracy": 0.9298025697273582, "Overall Accuracy": 0.9044956385596064}