{"Voicing Recall": 0.9820930232558139, "Voicing False Alarm": 0.13640776699029125, "Raw Pitch Accuracy": 0.9641860465116279, "Raw Chroma Accuracy": 0.9644186046511628, "Overall Accuracy": 0.9316037735849056}