{"Voicing Recall": 0.9937200274035168, "Voicing False Alarm": 0.26696199580321756, "Raw Pitch Accuracy": 0.9858415163279287, "Raw Chroma Accuracy": 0.9858415163279287, "Overall Accuracy": 0.9027362612094735}