{"Voicing Recall": 0.9759389671361502, "Voicing False Alarm": 0.3836734693877551, "Raw Pitch Accuracy": 0.9301643192488263, "Raw Chroma Accuracy": 0.9301643192488263, "Overall Accuracy": 0.7727405674173735}