{"Voicing Recall": 0.9731369150779896, "Voicing False Alarm": 0.27008086253369273, "Raw Pitch Accuracy": 0.9523396880415944, "Raw Chroma Accuracy": 0.9523396880415944, "Overall Accuracy": 0.8152210036556996}