{"Voicing Recall": 0.927887323943662, "Voicing False Alarm": 0.2681912681912682, "Raw Pitch Accuracy": 0.8867605633802816, "Raw Chroma Accuracy": 0.8867605633802816, "Overall Accuracy": 0.8537234042553191}