{"Voicing Recall": 0.94825, "Voicing False Alarm": 0.281532232949237, "Raw Pitch Accuracy": 0.9, "Raw Chroma Accuracy": 0.9105, "Overall Accuracy": 0.8191651643322702}