{"Voicing Recall": 0.9645739910313902, "Voicing False Alarm": 0.0344400396432111, "Raw Pitch Accuracy": 0.9547085201793722, "Raw Chroma Accuracy": 0.9547085201793722, "Overall Accuracy": 0.9616980529843601}