{"Voicing Recall": 0.9673069064160196, "Voicing False Alarm": 0.344896331738437, "Raw Pitch Accuracy": 0.9530036779730282, "Raw Chroma Accuracy": 0.9530036779730282, "Overall Accuracy": 0.8022199798183652}