{"Voicing Recall": 0.9672435105067985, "Voicing False Alarm": 0.13204801746089487, "Raw Pitch Accuracy": 0.9567367119901112, "Raw Chroma Accuracy": 0.9567367119901112, "Overall Accuracy": 0.9159565580618212}