{"Voicing Recall": 0.8681559351730179, "Voicing False Alarm": 0.17060994139353158, "Raw Pitch Accuracy": 0.7310008760402978, "Raw Chroma Accuracy": 0.7312198861147613, "Overall Accuracy": 0.7804153493949635}