{"Voicing Recall": 0.8677179150240911, "Voicing False Alarm": 0.2089212068591274, "Raw Pitch Accuracy": 0.6787122207621551, "Raw Chroma Accuracy": 0.6787122207621551, "Overall Accuracy": 0.7351466259675133}