{"Voicing Recall": 0.9294213088155759, "Voicing False Alarm": 0.05371807428614481, "Raw Pitch Accuracy": 0.9104245538128718, "Raw Chroma Accuracy": 0.9108301784748513, "Overall Accuracy": 0.9365695555840399}