{"Voicing Recall": 0.9429791777896422, "Voicing False Alarm": 0.11448208431586818, "Raw Pitch Accuracy": 0.7725573945541911, "Raw Chroma Accuracy": 0.7776828617191671, "Overall Accuracy": 0.8615510093114932}