{"Voicing Recall": 0.9225840896956754, "Voicing False Alarm": 0.15925691608673145, "Raw Pitch Accuracy": 0.4451681793913508, "Raw Chroma Accuracy": 0.4491190603310198, "Overall Accuracy": 0.7568137021681506}