{"Voicing Recall": 0.780620256477362, "Voicing False Alarm": 0.645856052344602, "Raw Pitch Accuracy": 0.6175739335252551, "Raw Chroma Accuracy": 0.6205181889557707, "Overall Accuracy": 0.48854987314728265}