{"Voicing Recall": 0.9808166205406225, "Voicing False Alarm": 0.620125919263531, "Raw Pitch Accuracy": 0.9546574667323805, "Raw Chroma Accuracy": 0.9628085074117603, "Overall Accuracy": 0.714717964574407}