{"Voicing Recall": 0.9926439582064377, "Voicing False Alarm": 0.09263622236703595, "Raw Pitch Accuracy": 0.9691702197441784, "Raw Chroma Accuracy": 0.9691702197441784, "Overall Accuracy": 0.9289038389314348}