{"Voicing Recall": 0.9978447266082556, "Voicing False Alarm": 0.09842598626497569, "Raw Pitch Accuracy": 0.9941901325961674, "Raw Chroma Accuracy": 0.9941901325961674, "Overall Accuracy": 0.9338515047108963}