{"Voicing Recall": 0.903624029823382, "Voicing False Alarm": 0.17806983636129364, "Raw Pitch Accuracy": 0.5802725661553505, "Raw Chroma Accuracy": 0.5802725661553505, "Overall Accuracy": 0.7385196279030523}