{"Voicing Recall": 0.9084519953553749, "Voicing False Alarm": 0.21057209122535755, "Raw Pitch Accuracy": 0.5946342357758357, "Raw Chroma Accuracy": 0.5948786897268227, "Overall Accuracy": 0.7221929250954501}