{"Voicing Recall": 0.9824985168234596, "Voicing False Alarm": 0.2187535691171432, "Raw Pitch Accuracy": 0.9614797864225781, "Raw Chroma Accuracy": 0.9616492923129079, "Overall Accuracy": 0.8665396570741001}