{"Voicing Recall": 0.9890217391304348, "Voicing False Alarm": 0.36959370904325034, "Raw Pitch Accuracy": 0.9455434782608696, "Raw Chroma Accuracy": 0.9458695652173913, "Overall Accuracy": 0.699421552524459}